bid_id|user|log_type|region|ad_id|ad_format|user_tags
c7654fe86bc7f66d75242d5e12a6aad4|user-agent|2|40|3476|1|10006,10063,10076,13403,10075,10110
82d22846bc757857f11064c60e8a0f3b|user-agent|2|27|3358|1|10006,10063,10024
690e543c46a6cbe8bdd062f53a8ac7a2|user-agent|2|124|3358|1|null
1fbb582355c947e12274f0a2f921e2be|user-agent|2|106|3427|1|null
aa046b41d2c838d5b7fd201003eee92b|user-agent|2|94|3358|5|10052,10083,16661,13042,13866,13776,11423,10684,11278,14273,10063,10093,13496,10111
4369887ef00bd8c95e07ce69e5f76915|user-agent|2|40|3476|0|10083,10063,10052,14273,10006,10057,10110
407a4ee08bab6cab5cddc444edccc26f|user-agent|2|0|3358|5|10083,14273,13042,11278,16661,11379,11423,10684,10052,10110
48cdaec9cbfdb378ec4f0f8f441f881c|user-agent|2|79|3427|5|13496,13776,11423,10052,10684,13042,16661,13403,10093,10110
84f5374cbdee25c03e0b4889cead3520|user-agent|2|80|3427|1|null
64135136a6042e9422ecec0464ca5dcd|user-agent|2|80|3358|1|13403,10006,10063,10076,10110
e5186b57b4fa79e6197d57ba7bde2f28|user-agent|2|27|3427|1|10063
617e491a10952bf3aa7f34ed1116a4fe|user-agent|2|1|3427|0|null
9d1b7fd2e18c0754c456269bcb8c294e|user-agent|2|80|3386|1|null
fbe1ec959f0f4dfd6a544ab82fe0e53|user-agent|2|124|3358|1|null
8d61bfcafab0be451e7295da5c1c7c4a|user-agent|2|106|3358|1|10063
4372a258258bbc6d6852c894647e8e8d|user-agent|2|106|3427|1|13866,10111
8e55c044870adf558505bd3b6dd3279e|user-agent|2|15|1458|1|null
3764450923d81feda6bae6b0dfb0e2f1|user-agent|2|80|1458|0|10031,13042,13403,10057,10059,10063,10052,10024,10006,14273,10075,10110
969a483a65dccb6bf123d7e3128febe6|user-agent|2|106|3427|1|null
c7dd4cadce4f5bed11ff5b560225eb8e|user-agent|2|80|3386|0|13403,10006,10111
f2e52f72614ab8680e75316298dd36d5|user-agent|2|15|3476|0|13800,13866,10059,10083,13403,10063,10006,10075,10057,10110
11bbcaa8f42a15ad78ca899a65da5bed|user-agent|2|40|3427|0|11724,10067,10083,10006,10063,10110
34c17829c348cf6fd6d792f3c11fa3a7|user-agent|2|106|3427|0|10006,10079,10075,10083,10063,10031,10110
bc8c362d5fb25d5d122aff3543871863|user-agent|2|1|3476|1|10063,10006,10059,13678,13866,10110
bc8c362d5fb25d5d122aff3543871863|user-agent|2|1|3476|1|10063,10006,10059,13678,13866,10110
393d3a27c5a13127ab3a5e61618988a5|user-agent|2|80|1458|0|10006,10063
9d51d24d52299c07ccc5e74519af37a8|user-agent|2|80|3386|0|null
f39d1c83682fb7854b54022b3c2b4780|user-agent|2|94|3386|0|13403,10006,10031,10063,10083,10052,10110
f39d1c83682fb7854b54022b3c2b4780|user-agent|2|94|3386|0|13403,10006,10031,10063,10083,10052,10110
903485a3581fcba06a646a540fc4e157|user-agent|2|0|1458|0|10111
7650fc7765a02637c2ad5ee26e3d1e41|user-agent|2|1|3358|0|null
9a5f6241a5d59b43e5714dc6acdd3f1e|user-agent|2|94|1458|0|10052,10006,10083,10063,10110
9989923484bab8fccf9604e73c61bbc1|user-agent|2|80|3427|0|10077,10063,10111
cc05f049cf458135b1ce0a57b8b10930|user-agent|2|106|1458|0|10031,10063,13403,10083,10024,10006,10059,14273,10077,10052,10057,10075,10111
9d5a7e7880d093e2a64b51c31db3ff07|user-agent|2|124|1458|0|10063,13403,10024,10057,10006
58023cdb63f84fdb58ad9b348b4c38d3|user-agent|2|3|1458|0|10031,11278,10057,10063,10006,10059,13776,13042,13403,10093,10067,10083,11724,10110
1ec79fccde0d0d2f050243168f23de98|user-agent|2|106|1458|1|10059,13866,10063,13403,10006,10024,10110
a7c87d0b852fa1c63899c78badc73856|user-agent|2|3|3476|0|13403,10006
70c322d83c2ff2f6ec6f0962d45b307f|user-agent|2|55|3427|0|10057,10077,10063,14273,10111
70c322d83c2ff2f6ec6f0962d45b307f|user-agent|2|55|3427|0|10057,10077,10063,14273,10111
70c322d83c2ff2f6ec6f0962d45b307f|user-agent|2|55|3427|0|10057,10077,10063,14273,10111
5ace2ce2d5854e641c99ed367c9b610f|user-agent|2|124|1458|0|10006,10110
82bd52d4a69a9a5c056530e9e5999e27|user-agent|2|0|3476|0|10063,10052,10083,10075,10031,10006,10110
82bd52d4a69a9a5c056530e9e5999e27|user-agent|2|0|3476|0|10063,10052,10083,10075,10031,10006,10110
abef5f8b503b60c923f195ef2a8ef604|user-agent|2|0|3427|0|10006,10063,10083,10110
7df2bafed9c00c5d55e1d883f2601356|user-agent|2|124|3427|5|13042,13866,10063,11423,10052,10111
e1f090892b001ebb21c5662140affa1b|user-agent|2|124|3427|1|10063
3f398ab94ec3bf13f359e5ef5f050f83|user-agent|2|79|3358|0|10024,13800,10110
640f30354ace2dbe1d1e06ab7ec54101|user-agent|2|2|3427|5|null
640f30354ace2dbe1d1e06ab7ec54101|user-agent|2|2|3427|5|null
3a0ed5e9528099d5977bd7d5be6a03d8|user-agent|2|15|3476|0|10083,10059,10057,10063,10075,10031,10006,13866,13042,10077,10024,10110
57cfd5a3e488f001796e3949f0c533c5|user-agent|2|124|3386|0|10006,10052,10063,13403,10057,14273,10110
2b17d0b52ccc2d0a0b75915c9f42d105|user-agent|2|0|3386|5|13866,11278,11379,13042,10063,11423,10111
d9a26d29245553dd5dcc88d4bf0b4688|user-agent|2|2|1458|0|null
d9a26d29245553dd5dcc88d4bf0b4688|user-agent|2|2|1458|0|null
b6f224542aa5d37617a504db7366350f|user-agent|2|79|1458|1|10083,10024,14273,10077,10057,13800,10006,10059,11680,10063,11379,10031,11278,10110
5ee180500894d30a3f48f32d59c32396|user-agent|2|65|3476|5|10083,10063,10110
5ef3c2116f95c0501e99b07611ae8ca3|user-agent|2|79|3386|0|null
5188e506e37d966e194078ca1786e8d0|user-agent|2|79|3386|0|null
7a373871b6a2bed03c5a6fe4c66ac3ed|user-agent|2|15|3476|1|10079,10063,10006,10059,10052,10067,10057,10083,13866,10111
9265f7ba398f226b6b57546e1741c0e0|user-agent|2|1|3358|0|13866,10063,13800,10006
9ff6abf7874485ffefa0ada3dd80b36c|user-agent|2|94|3386|5|13866,10063,10111
9ff6abf7874485ffefa0ada3dd80b36c|user-agent|2|94|3386|5|13866,10063,10111
9ff6abf7874485ffefa0ada3dd80b36c|user-agent|2|94|3386|5|13866,10063,10111
7bb4bdd467411e8544c264d647d53f78|user-agent|2|2|3386|5|10063,13042,13403,13866,10111
7bb4bdd467411e8544c264d647d53f78|user-agent|2|2|3386|5|null
7bb4bdd467411e8544c264d647d53f78|user-agent|2|2|3386|5|10063,13042,13403,13866,10111
7bb4bdd467411e8544c264d647d53f78|user-agent|2|2|3386|5|10063,13042,13403,13866,10111
7bb4bdd467411e8544c264d647d53f78|user-agent|2|2|3386|5|10063,13042,13403,13866,10111
e5caba30eb6eb2b3a9f4c42122eebd9c|user-agent|2|2|3427|1|13866,11379,10093,10063,13776,13496,13042,10111
4ebaa3d9516e955eccdf70ae29dca263|user-agent|2|40|3427|1|10006
ea62ce2010e9f48df3745c21d04c62ef|user-agent|2|40|3476|1|10006,10024,10063,10057,10076,13403,10110
6bc674bb7671e9c2d812c08f4093dd99|user-agent|2|1|3358|0|10063,10083,13866,10006,10111
79673e6b680e305a6e2d90da797d167e|user-agent|2|0|3427|0|10031,13403,10052,10083,10063,10006,10110
9d4fcd0c1fa1ac585323cad342e04c07|user-agent|2|1|1458|0|10076,10063,10006,10684,10075,13866,10110
79673e6b680e305a6e2d90da797d167e|user-agent|2|0|3427|0|10031,13403,10052,10083,10063,10006,10110
9822ebc624c9ecd838aef8f8c01fa42a|user-agent|2|40|3427|0|10063,10031,10059,10057,10006,10083,10684,10110
7ba0917ea2aac166f4a777f5d2377067|user-agent|2|2|3427|0|10063,10006
8a6d512a125b38ff4060b5dbb855f75b|user-agent|2|55|3427|0|10063
9921a1ecbe6b92f64503aed542bb12e6|user-agent|2|3|1458|1|10063,10006,10076,10110
dadbb252f657990e55609a06030d6568|user-agent|2|80|1458|0|10052,13800,10057,13866,10063,10006
46dde3e4a038b9c99d0089c71848590e|user-agent|2|3|3386|1|10063,10006,10110
2d519b1f01716bc8f33dfb61b52e355a|user-agent|2|94|3386|5|11423,10083,14273,13866,10052,13874,13496,16661,10057,13776,11379,10684,10093,10111
2d519b1f01716bc8f33dfb61b52e355a|user-agent|2|94|3386|5|11423,10083,14273,13866,10052,13874,13496,16661,10057,13776,11379,10684,10093,10111
2d519b1f01716bc8f33dfb61b52e355a|user-agent|2|94|3386|5|11423,10083,14273,13866,10052,13874,13496,16661,10057,13776,11379,10684,10093,10111
939e5ae56c4c425202d8e26029b583c8|user-agent|2|3|1458|0|10006,10048,10074,10110
b6a1c3a441911aa3eb5d24f09a14f3d6|user-agent|2|1|1458|1|13403,10063,10006,10083,10111
8af3767d71156fb2ab94d2d75f3d8e5f|user-agent|2|106|1458|1|null
7d35db3b616e2bc7b5211370ab2e3bd1|user-agent|2|80|3427|0|10063,10024,10006,10057
21742ed87871b105a8079a60c91cbe5e|user-agent|2|55|3386|0|10006,10063
21742ed87871b105a8079a60c91cbe5e|user-agent|2|55|3386|0|10006,10063
2ed0b11fabd1a717de9e9c0f9b9f731a|user-agent|2|80|1458|0|null
61ccdfeb6256bb9ad277940268723fc2|user-agent|2|15|3386|0|10024,10006,13866,10063,10111
6c22ad00f83716eb6837c48da44dec63|user-agent|2|80|3476|0|null
a2f2d8b1fe557bc5ead659fa03ca18e6|user-agent|2|3|1458|1|10006,11423,10110
f55738cca777cf963974de9831b7b6de|user-agent|2|15|3427|5|null
f55738cca777cf963974de9831b7b6de|user-agent|2|15|3427|5|null
c2954194a118f3e7ce31d904c3f88578|user-agent|2|3|3427|1|10063,13866,13800,10006,10111
7a1163e2ab42c14ea901c0c05ec5da57|user-agent|2|65|3358|0|10006,10074,10110
d966716cfd58f0e493118fed1c85b4b7|user-agent|2|0|3358|5|10063
d966716cfd58f0e493118fed1c85b4b7|user-agent|2|0|3358|5|10063
d966716cfd58f0e493118fed1c85b4b7|user-agent|2|0|3358|5|10063
cdff1c246aad6317f40431e84d9687fc|user-agent|2|1|3358|5|null
6c8cd3c67cac73a7e756cf4bc51513da|user-agent|2|124|3358|1|10006,10048,10083,10063,10110
cdff1c246aad6317f40431e84d9687fc|user-agent|2|1|3358|5|null
44a998f731d11369c5b9d43fbd16fb2d|user-agent|2|79|3358|1|null
c35535d5e890440c6f35034957497d37|user-agent|2|40|1458|0|10063,10006,10110
c7f8b303d7db5196adbf1dfc16d988bb|user-agent|2|40|3386|1|10077,10063,10076,10006,10110
7d3720445c22bbb7fbfa57b526154b04|user-agent|2|80|3427|0|10006,10110
4b9ce7cabc3ddaabbd2f9417a1204cfa|user-agent|2|94|3427|0|10083,10006,10059,10063,10111
adfdb518240d18d999e9918edda0cddb|user-agent|2|80|3476|5|13042,10006,10031,10063,10110
86eca6989429a06c619e43b2dc8900a0|user-agent|2|1|3476|1|13403,10063,10031,10110
1af6825f3cb7ab5fba17e953b92f279|user-agent|2|80|1458|1|null
e945f471a32f50f6b60efc0785f7f4ec|user-agent|2|79|3427|0|10077,10075,10063,10057,10006,10052,10024,10059,10111
4a6264e6fc91945ac01a286cb4f142d|user-agent|2|94|3386|1|10075,10093,13776,13678,11379,11423,13496,10684,10024,10052,13042,16661,10111
7b94b2ea757c83e683da5313b56e4583|user-agent|2|15|3358|0|10024,13800,10006
165b2d8b91d5f4df477814d0195a7cf3|user-agent|2|94|3476|0|10031,10024,10083,14273,13403,10006,10052,10075,10059,10063,10110
bf71f89be3748f1d41f6030440b6e1e0|user-agent|2|40|3386|0|13776
5b72b4dece48ed6907158d25c928848f|user-agent|2|40|3386|0|null
e63265a8be71ced6c5208dffa1c3293e|user-agent|2|27|1458|0|null
24fdef5f99fc28675f0805f71da048da|user-agent|2|124|3386|0|13776,13800,10024
6340a7ce1fc06a0f0a115c627be6525a|user-agent|2|124|3386|0|13776,10024,10031,10063,10052,10684,10006,10110
b3eb0862a057c0591e0b068def8f42a0|user-agent|2|40|3386|0|10057
18bea3101c2bc6041ccdd040cea6f74|user-agent|2|80|3386|5|null
ef44cf508f790c679eb5fdb934b823fc|user-agent|2|3|1458|0|10006,10063,13866,10111
bebe37e540c7c95f0dda4c06f8207f85|user-agent|2|79|3386|5|10006,13403,10110
edea830749f46f9cde6227b66caedc93|user-agent|2|79|3386|1|10063,10006,10024,13678
2008ff7da7ef2e2d08308c2734041beb|user-agent|2|3|1458|0|10063
b455f84f94cadc16a8b7ae063efd29a4|user-agent|2|106|3386|5|13866,10063
67790398924d2e84f3f2d24c916f35d7|user-agent|2|1|3386|1|10059,10076,10075,10083,10006,10077,10063,10110
5f4cc8feb2e20a6cc21f28ab09db4386|user-agent|2|3|3427|5|13866,10111
1e1eeee91c9df086ff01df4970557f9f|user-agent|2|80|3386|5|10057,10063,10110
694b5995e7a25de93b367b4406152b22|user-agent|2|15|3427|5|13866,10111
9295318fd5ba8b191ffb0574cf3fd018|user-agent|2|1|3386|1|null
fe287c6ffe42f57090b799d85e4c47dd|user-agent|2|106|3386|5|10063,13866,11379,10111
fe287c6ffe42f57090b799d85e4c47dd|user-agent|2|106|3386|5|10063,13866,11379,10111
fe287c6ffe42f57090b799d85e4c47dd|user-agent|2|106|3386|5|10063,13866,11379,10111
1e1eeee91c9df086ff01df4970557f9f|user-agent|2|80|3386|5|null
2e06ea0157bec5733a519dc77598e37d|user-agent|2|80|3386|1|13776,10006,14273,10083,10110
fe287c6ffe42f57090b799d85e4c47dd|user-agent|2|106|3386|5|10063,13866,11379,10111
cafa3a2618ff8e967b1e4ed9eaddf885|user-agent|2|3|3386|5|10006,10063,10076,10110
fe287c6ffe42f57090b799d85e4c47dd|user-agent|2|106|3386|5|10063,13866,11379,10111
c38eca9972a98a0d8e255c2760f61b0f|user-agent|2|124|3427|0|10006,10024,13403,10063
f7118fd9d044d05520453b6bf720b10d|user-agent|2|80|3427|0|10063,10006,10024
a5eb1f1f286236fe50b385bf3827a497|user-agent|2|124|3476|0|13042,10063,10031,10006,13403,10110
620ba8c58eae7cd9281ea88f3d04f93a|user-agent|2|79|1458|0|null
3ced4044f296a596ecb9372cd8ded93e|user-agent|2|80|1458|0|11379,10006,10063,13866,10111
75ae508af2c0586cf30b8ab7973fce7f|user-agent|2|1|1458|1|10006,10093,10063,10110
cda3464fde6c51a536548ca2a1923025|user-agent|2|1|1458|0|null
19650cd0b3e1df246f93a3babe37fb5e|user-agent|2|15|3427|0|10063,13800,10059,10006,10057,10024,10052,10110
27abc89fac1d875c5a9b43df6f933758|user-agent|2|55|3427|0|10059,10048,10057,10031,10024,13042,10075,10006,10083,10093,13800,10076,13403,10063,10052,10110
f092109ea4f040cfc34aea5292223278|user-agent|2|124|3427|0|10063,10006,13403,10110
6bc8da7f37aabf273990005852a87027|user-agent|2|79|1458|0|10083,10075,10031,10006,10063,13403,10110
6919ee5ddaa7797284d1a2ad4af5316b|user-agent|2|94|3386|0|10076,10006
ec8d7ce73e46ae9640dfd7a6c0be0b7a|user-agent|2|79|3358|1|10048,10063,10006
7a76c6a94996041a2a138813f202326|user-agent|2|0|1458|1|13042,13866,10063,10111
482a57902c1f65e2f89d34aacc61beff|user-agent|2|80|1458|1|10006,13866,10111
ce02dea32b0060d6ee28e287cd267881|user-agent|2|79|3427|0|10063,10093,10006,10110
7dbccf544f0fe8ec241bf25ac52f078c|user-agent|2|15|1458|0|11278,10063,13866,10111
b20ad17ba5d4334599ca2fc8f60a36c9|user-agent|2|2|1458|1|null
74af4dd3ddd38770466ffcd82bffb477|user-agent|2|80|1458|1|null
74af4dd3ddd38770466ffcd82bffb477|user-agent|2|80|1458|1|null
9c8e23a31ba5b6b9d4fa11fa91584537|user-agent|2|124|1458|0|10063,10059,10006,10111
f7124836d2177ede273058e9771eafe4|user-agent|2|80|1458|0|10075,10063,10006,10110
722c41eba41da7c1a688599d9116e931|user-agent|2|106|3427|1|10006,10063,10110
e12a0b633ae1ed3257a313391a3fbcea|user-agent|2|15|3427|1|null
aca2f8b14f9d19ed6467e9c5403a09cd|user-agent|2|40|3427|1|10063,13403,13866,10111
add6f110a53844ff4d49aae0d9400189|user-agent|2|106|3386|0|10063
836d74ddca2f1798e384b49e51b5a59b|user-agent|2|2|1458|1|null
185dd4121292d0da408cdc23c3910d3d|user-agent|2|15|3358|0|13776,10111
f8bcef823cb984b3686e8d6605a8399c|user-agent|2|55|1458|1|null
42f80202e5a1822b30a3545546f5df27|user-agent|2|80|1458|0|10063
8003005c5e8ca61b891fad539a67aced|user-agent|2|40|3358|1|10006,10074,10063,10110
d6a3c2c636ee629768e7c72fcfcd1f19|user-agent|2|80|1458|1|10059,10006,10083,16661,10063,10110
d6a3c2c636ee629768e7c72fcfcd1f19|user-agent|2|80|1458|1|10059,10006,10083,16661,10063,10110
493ec3d91989188dbef623fb09964547|user-agent|2|80|3476|1|10006,10063,10110
64b1b7e3c3bc25472c255a3c280b40d3|user-agent|2|40|3476|0|10031,10063,10006,10052,10110
6e13238fefec9e692aaf4397b7dea664|user-agent|2|106|3427|0|10006,10024,10031,10074,10079,10063,10075,10083,10093,10059,10067,10057,13866,10076,10111
1aa3363c170abea8f48bc2a6ebb78471|user-agent|2|80|3427|0|10006,10083,10052,10063,10031,10110
4fa8f3d1fd408d42762911f9ba255c04|user-agent|2|0|3427|5|10063,16661,13042,13866,10024,10684,10059,13678,11423,11379,11278,10111
4e1969bcae14ba6d27ee6fa5dfa04d90|user-agent|2|3|3427|0|null
3a9a0478a0ee7f61ffad89b8c3933ca1|user-agent|2|3|3386|0|null
e9081185ceb04d0f12054f8650831b87|user-agent|2|80|3476|0|13866,14273,13800,10006,10110
d86fd045e36129aae505cc2c48f12f7|user-agent|2|27|3427|5|10052,11423,13042,10110
f67c3a138eb6cf5967f19f4e67761b68|user-agent|2|106|1458|1|10063,10006,10110
a275391a855f178e4145274e67901ace|user-agent|2|3|1458|0|13042,10059,10006,10075,10077,10063,13403,10111
d0672709eb0308f67f4db703f97d2c84|user-agent|2|55|1458|0|10006
797263383eb5fe38c1ded5dc97c36ea|user-agent|2|27|1458|0|10006,10083,10024,10063,10110
403d2175c2e6115d6d63a2527f87efc6|user-agent|2|55|1458|0|10075,10076,10006,10059,10063,10077,10111
45178217c1373c8028c3012abbb69b32|user-agent|2|3|3476|1|13042,13403,10031,10006,10110
ede8d1cbfbd92384a9e8ebc0c45ae461|user-agent|2|15|3386|0|10063,10093
a16547a364747600fec5f8acc1d996c3|user-agent|2|79|3386|0|10063
31b6f647418be3a12462217c6a2f05a6|user-agent|2|0|3358|5|11423,11379,16661,10684,10111
31b6f647418be3a12462217c6a2f05a6|user-agent|2|0|3358|5|11423,11379,16661,10684,10111
791908f5bfa736a8e9afce27a6c31fe6|user-agent|2|55|3386|0|13866
b76fe2502b87dcdc5447295fdc3c4b3b|user-agent|2|55|3386|0|10031,10063
967cc46c86aa25760cb46c018983954b|user-agent|2|1|1458|0|10031,10083,10063,10006,10110
cbc70fc86c43ff527f9c46627a83f5f4|user-agent|2|55|3386|0|10006,10024,10077,10111
4740637d23168372f970445275ffe0f8|user-agent|2|106|3476|5|10063,10006,10110
eaaa0836f28fec8c064fdc104efc2328|user-agent|2|94|1458|1|10063,13866,10006,10111
2cb28f92a51b98a57253ea82182d74a9|user-agent|2|3|1458|0|10083,10006,10063,10075,10111
b39dbbd9a7b9bb0eb621979081f234ff|user-agent|2|79|3427|0|10063
b4373e48be5620e3b77a949faf0948|user-agent|2|80|3386|0|13403,10006,13866,10110
39d9fe74d8157aaa923f31d668378575|user-agent|2|80|3476|0|10075,10059,10006,10057,10077,10083,10063,10024,10031,13042,10110
b6ffe6b23fde5a9dfa11bf80f5a4af1d|user-agent|2|3|3476|0|10075,10006,10083,10076,10110
7728ab82863aea58f51f704b4408fd9f|user-agent|2|1|3386|0|10024,10063,10052,10057,10006,10110
f9ca4912e8fb162a11acdcc306e5e1bc|user-agent|2|27|1458|0|10057,10006,10077,10063,10075,10083,13042,10031,10110
5a12dc64e324723b9480c4359b7c38d1|user-agent|2|124|3386|5|10006
81a48f3e274d1aa9f5aa09d947c92b50|user-agent|2|80|3386|1|13866,10076,10006,10093,10063,10111
16922009678adab5900fefb7e5d6b16f|user-agent|2|80|3427|0|10075,13403,10077,10063,10006,10059,10052,14273,10111
34c36ad9fdc9e1735eb115b670b7b23d|user-agent|2|80|3386|0|13403,10006,10052,10075,10048,10057,10063,10031,10083,10024,14273,10059,10110
31aa32980d3483e1dd3107a517ee689c|user-agent|2|3|3427|0|10111
91454f56f117d68f2c198bea9b048bb1|user-agent|2|15|3427|0|10057,10052,11379,10110
26d041d9586c228fe4fb8d402bb8bb0b|user-agent|2|2|3386|0|10063,13403,10006
84b75e9787b4c0f93b18da8bb33b662c|user-agent|2|94|3476|0|10075,10076,10006,10093,10063,10110
99d6d1711d765f88d27f855bf6b187dc|user-agent|2|79|1458|0|10063
dccaede0b40ffd68b5b0d748ed2d2d57|user-agent|2|106|3427|1|10006,10063,10110
6cb3d4b0a2b5c1e3550e70bed39c1215|user-agent|2|79|1458|0|13042,10006,10057,10031,10063,14273,10110
6780fe9095ac6c0234caa42089e185a3|user-agent|2|80|1458|0|10063,13776,10006
46942e449f12b5441167a3b2d5ddb2bd|user-agent|2|94|3476|0|null
c9ba2f4eddb25e6772120ad5da4f7c97|user-agent|2|80|3476|1|10063,10057,10075,10031,10024,10083,10006,10076,13866,10110
9e6bf6960dcab53756a4e452bbdb3593|user-agent|2|1|3427|0|10024,10063,10006,10057,10083,10110
d4f79964cf0d89905263c6777ff67f5c|user-agent|2|40|1458|0|null
1e07b3706484ed9ee3c31c6711e683e8|user-agent|2|79|1458|1|13042,13866,13403,10063,10111
a7886d3d2575915acd1735ce4dd4897c|user-agent|2|3|1458|1|10063,10006,13403,10110
457edbf9ad87932851b6d6e271c0a03b|user-agent|2|79|3476|1|13042,10093,13866,10083,10031,10006,10063,10075,13800,10067,10024,10052,10110
b8f6f6eb15f7ced6a6301d400c73698e|user-agent|2|124|3386|5|13866,10063,10111
7fd541b9a19ccd05e87b9135f47d2fc5|user-agent|2|3|3386|0|13776
bee7d42f920495cdee4749ec4d85be13|user-agent|2|1|3386|0|10059,10063,10006,10077,10111
196929b8ff24c8a15558ec0be8edb9b4|user-agent|2|94|1458|1|13866,10111
ac9a9f642aaa6348b19cc6e3f6f0727b|user-agent|2|55|1458|0|10102,10052,13496,10093
151370dc05ce7b3abf418fea63d51c7d|user-agent|2|2|1458|0|10052,10063,13403,10031,10077,10057,10083,10006,10110
e46f9b60dcee1f6d331cf9bce97a21cc|user-agent|2|1|3427|1|10063
adf7632c63779d78f3a5fb73ea2e8c8e|user-agent|2|79|1458|1|10077,10059,11278,10083,10052,10006,10031,13042,10063,10076,10057,10075,13866,10111
409b600b7b1c4f4256e9f0e84c485588|user-agent|2|1|3358|0|10052,13800,10006
b60a1dc3b2f37d45d86046e74bf1d63|user-agent|2|55|3476|0|13403,10063,10083,10006,10031,10024,10110
94d4d086653a20b5716174f75274029|user-agent|2|27|3476|0|13042,10031,10006,10052,13403,10063,13776,10110
636624759c950f575d8e460edc0237d6|user-agent|2|1|3476|1|10031,10006,14273,10083,10052,10063,10110
49461d89c2e07bfffebf0ecb6694641a|user-agent|2|80|3476|1|10093,10006,10083,10059,10077,10063,10048,10024,10075,10052,10057,10076,10111
2a26e58c74f2b0a8ce5760cd0ecc3c77|user-agent|2|55|1458|0|10006
bb05812a5a0011923d510544347b8332|user-agent|2|3|1458|1|13866
5ce79bfb99848e19369228863e3304f|user-agent|2|94|1458|0|13866
26ae9709772f9eb03e892667bda7adf0|user-agent|2|94|3386|0|null
f8608e30da4d429aa62ce0af36507fbc|user-agent|2|79|1458|0|13800,10024,11278,10063,10006,13866,10111
5eecb81204556e89466842ca3da20102|user-agent|2|94|3476|0|10075,10059,10031,10052,13403,10006,10063,10083,10110
af914edb3f2baf55e234e94bec0776ea|user-agent|2|15|3476|0|13866,10074,13800,10006,10079,10063,10024,10075,10111
ed6538573a7a03307e0952ae68cf1e2f|user-agent|2|15|3358|1|13403,10063,10006,10110
28bbdbf6bd204bcfa38edae9cd010b10|user-agent|2|15|3386|0|10052,10031,10006,10110
79d8e1f9edd79dbad73c9bce193ced13|user-agent|2|1|3476|0|13403,13866,10024,10006,10063,10052,13800,10110
8ed530f4cbd6f116cee36e63122b0031|user-agent|2|0|3386|5|null
c51ace3141f3f5e6783a65b4a81ac0d5|user-agent|2|65|3476|1|null
e3ddf5cfdc4fe016fcb7bd92168cb9a8|user-agent|2|80|3386|1|10006,10024,13800,10067,10063,10052,10110
56480fcd0fdfa1c9b0b7a1b6833c886d|user-agent|2|2|3386|1|13866,10063,10006,10111
60840329afd08745f9b1547eb5d57ee9|user-agent|2|1|3386|1|10063
a05107d0285c640efd2dc7371be57c76|user-agent|2|94|3476|0|null
41fde970d3f74299d31ae0a5d7828d40|user-agent|2|3|3386|1|13866
596fac463b9247b0d2312e53ae42dc46|user-agent|2|94|3476|0|10052,10083,10031,10006,10063,10075,13042,10110
998f44475918771f2be1c4b69ec0424|user-agent|2|80|1458|1|13866,10063,10111
f6191112f53ee0bcd3f1372a7ab38cb4|user-agent|2|1|1458|0|10063,10059,10006,10111
eb4ad08920ce0f9f5343adfd453e441c|user-agent|2|94|3386|0|10063,10006
d15e4e43caa433d9c66bd8d041bd9a60|user-agent|2|2|3476|1|10075,10093,10063,10057,10077,10083,10074,13403,13776,10006,10110
8025e82778ee0f9085c8a643e49b8e77|user-agent|2|0|3386|5|14273,10083,13866,10684,10063,10052,11423,10111
7471dc0f2a5ce1e69e02ad9f81460360|user-agent|2|3|3386|0|10059,10006,10063,13403,10111
2b14aed911b0f6ebf88dbf61e7660ad4|user-agent|2|80|3358|1|13800,10063,10006,10024,10093
962387044fc95b8aaaad8b9b71c17dca|user-agent|2|80|3358|5|null
962387044fc95b8aaaad8b9b71c17dca|user-agent|2|80|3358|5|null
ccad1ba72e6c8ee357ce521645f31554|user-agent|2|15|3358|5|null
311264da2e51206cf1c855039128d9e0|user-agent|2|106|3386|0|10063,10057,10031,10006,14273,10110
2c8c7db52186d9e6514b5681a2356130|user-agent|2|94|3476|5|13866,13403,10006,10052,13776,10031,10111
6fa5c6508f767d427ee11ac281194915|user-agent|2|3|3358|0|10063,10111
37347f0a8a48d936efddf374e84bae8f|user-agent|2|3|1458|0|10052,10031,10063,10006,10059,10111
ebbab781b66da86af5789d20195a546|user-agent|2|55|3476|0|10006,10031,10063,10059,13042,10024,10083,10057,13403,13866,10110
432ff1055f05807d275e112800f4a0f8|user-agent|2|15|3476|0|10006,10075,10063,13866,10110
c991bf253e730dcc724dc539b98cf6ca|user-agent|2|124|3386|1|13800,10052,10076,14273,10024,10006,10063,10110
28e6c5ad40352e8fa160c7599ed04781|user-agent|2|94|1458|0|13800
c991bf253e730dcc724dc539b98cf6ca|user-agent|2|124|3386|1|13800,10052,10076,14273,10024,10006,10063,10110
b952e6594ed76164a25124b830499af0|user-agent|2|40|1458|0|10063,10075,10031,10059,10077,11278,10024,10111
ba80cdf5382bab33c27b9d61da80d9|user-agent|2|79|3358|1|null
7af991a050f24011d6087a2ec2fac573|user-agent|2|106|3358|5|13042,10024,13866,10075,10006,10031,10110
9104122931a8d4750aba3cf2602cd3f4|user-agent|2|27|3358|0|10059,10083,16706,10093,13042,10031,10006,10110
51b2e91ecafa2173810366eae6ecbb60|user-agent|2|27|3358|0|13800,10024,10006
3226773f7f71910c7de4952717aecdf8|user-agent|2|80|3358|1|13866,10111
eeee03007bfc72faaa54296c8a6298d6|user-agent|2|0|3476|0|10031,13042,10083,10024,13866,10063,10110
ed00b6621148f4cbe29fbccc7713b538|user-agent|2|94|3386|5|null
11534bc8c50064784d3b27a99a02376c|user-agent|2|79|3386|0|10111
ed00b6621148f4cbe29fbccc7713b538|user-agent|2|94|3386|5|null
53f1c68583a3688a989c47b2452c9701|user-agent|2|15|3476|0|10006,13776,10077,10031,10063,13042,10110
a8480190d64d93679870e2bfdbea94cd|user-agent|2|80|3476|1|13403,10063,10031,10006,10048,10052,10024,10093,10111
4aa2906445dbbbdab31bc004d0b723c5|user-agent|2|80|1458|0|null
24e8f05de759715b4fc69eaafbec1c79|user-agent|2|80|1458|0|13800,11278,10111
a1de5e5ce292ca227f6a8c1c3aaf1e89|user-agent|2|3|3386|0|10063
a1de5e5ce292ca227f6a8c1c3aaf1e89|user-agent|2|3|3386|0|10063
6b182137c6e9326e3bc84c8152695a67|user-agent|2|15|3386|0|10063,10006
c033c9c7939b27660e8b29a612088a63|user-agent|2|80|3476|0|10059,13042,10052,10093,10006,13403,13866,10031,10063,10083,13800,10048,10110
bbade260bc06fab60455e1184cd8f9ed|user-agent|2|80|3386|5|null
bbade260bc06fab60455e1184cd8f9ed|user-agent|2|80|3386|5|null
55cb119f05aa5726930c802786059438|user-agent|2|0|1458|0|10057,10006,10063,13866,10076,10110
71d05e9379e18c0650c51f3c837e97f7|user-agent|2|124|3476|0|13800,10031,10006,13866,10063,10024,10111
f80dc95beb2f578402e746323eee41c1|user-agent|2|3|1458|0|null
d8ce6469c0c64f1b8caba30bed4c73fe|user-agent|2|80|1458|0|10076,10063,10079,10031,13403,10059,10083,10074,10052,10077,10057,10048,10024,10093,10075,10006,13776,10111
192a3e619d6295ce2dc25e87cc9b0256|user-agent|2|65|1458|1|10031,10006,13042,10063,10110
94e4b5f16eb8dc9e949a09740060cc50|user-agent|2|15|1458|0|10063,13866,14273,10057,10006,10024,10111
2291b6df045c11039766e23bffb43ffb|user-agent|2|80|3358|0|null
fed3d5843c5d64ca9aa666f4f4e90ae1|user-agent|2|106|3386|0|10024
2d2e51e3bef77689257372c872479829|user-agent|2|40|3386|0|10093,10006,10063
b7818f646ea84f5111d432dd1fa1dcd1|user-agent|2|94|1458|1|10006,10063,10024,13866,10111
b71af1f1bba551a99d58bb76ac95880f|user-agent|2|65|1458|1|13866,10111
cd2789e7d5565ead06aafa762bc6e236|user-agent|2|55|3476|0|10006,10063,10110
cd2789e7d5565ead06aafa762bc6e236|user-agent|2|55|3476|0|10006,10063,10110
ce43344fea9cd8152552548e50400e0c|user-agent|2|80|1458|0|null
ac977004e4555bbe0a5cfd2af3864068|user-agent|2|124|1458|0|13678,10075,10024,13403,10076,10063,10006,10110
286a06365f804bd06a918ad508dfed8a|user-agent|2|80|3427|0|null
db767b98cfb372c43ddf0ac05edf6408|user-agent|2|106|3427|0|null
d95b04f88f27fc9d3fcfff3505aac732|user-agent|2|55|1458|0|10006,10024
c6e4b71c49dffe829594ff0cabcd9084|user-agent|2|0|3358|1|13403,10075,10077,10063,10059,10006,10057,10111
643e422fa4859ceb6757ad30e0f8f4e8|user-agent|2|79|3427|5|13042,13403,13866
5d465fdf0cce9b7a5d1ae75634f8a37d|user-agent|2|40|3427|1|10063,10006,10075
dab38c944fdf4d176011a1d614bc0005|user-agent|2|15|1458|1|null
736ec3045d42ec2adf286417a1c7f423|user-agent|2|40|3427|0|16593,10006,10031,10063,13042,13800,10111
cd74d87b096dd9b001f04995d9ea5510|user-agent|2|94|3386|0|null
cd74d87b096dd9b001f04995d9ea5510|user-agent|2|94|3386|0|null
a19ac199cea32f73abcac73fc62d51fb|user-agent|2|94|3427|0|10083,10006,10063,11576,10031,10684,10110
d673a90474323ebcefe58daf723eba62|user-agent|2|80|3427|0|null
45f97e882320f8ad772d1cb11cf623af|user-agent|2|15|3427|0|13042,10006,10031,10063,10110
2ca6c19b11d75cfb0765e9baca8695ae|user-agent|2|80|3427|0|10006
943889393b9e1a00c9fca5cec1dc2953|user-agent|2|65|3427|0|10006,10057,10063
9abacff0d292b8a29d44d70cc2c6bf9e|user-agent|2|2|3427|0|10076,10006,10110
8b0c862f720f423d344ee2759275fae2|user-agent|2|124|3386|0|10024,10059,10063,10111
384bb8fe7528d947fde44937a1b553e4|user-agent|2|27|3427|1|null
fe7c3c88c5b69aeee34d47a021fbca84|user-agent|2|55|3476|0|10083,10057,10063,13403,10006,10110
f7fa41d1ae1137fa40606d55e8ff5ab6|user-agent|2|3|1458|0|10006,10110
a7bdca88a67a637d39744015569c2e12|user-agent|2|0|3427|0|10075,13042,10006,13403,10076,14273,10031,10083,10063,10110
e570529386d5effa0336a20771e2d826|user-agent|2|55|3386|1|null
9ce93833d0cd09f06edd1fb782fcac4a|user-agent|2|40|3427|0|null
edb8172080fdd34bd1efa101107cabcd|user-agent|2|40|3427|0|13403,10024,10075,10059,10052,10063,10057,10077,10067,10006,10083,10111
d1277a1fe8de305624cbc76ba0ae3bac|user-agent|2|2|3427|0|10083,10063,13776,10006,10110
f172c3fc61d92d903d7e234bfb871b1c|user-agent|2|55|3386|5|13866,10111
af4910b25b644a6a936b65f9fd91e630|user-agent|2|3|1458|1|10059,13776,10052,10075,10063,13403,10083,13866,10031,10024,10006,10111
876d623027536e3dc7efb35fe739623d|user-agent|2|80|1458|0|10063,10057,14273,16661
1f7c604004656488270c30a690e5e914|user-agent|2|80|3386|0|10006,10024,10048,10110
93a58ef23a60a168ad7134b84a823630|user-agent|2|106|3427|1|10006,10110
72d7ba79be99f9c2e21130e977a34bcd|user-agent|2|1|3427|0|10110
61b826685457ebd7599b23028d53a89e|user-agent|2|79|1458|0|10075,13800,16661,10006
ba2fdcccb04d8fa8c38b9b3794e96bf4|user-agent|2|80|1458|0|13866,10006,10063,10110
b77f8a28132b52aaa6acfa52b6cb4e5|user-agent|2|94|3386|0|10006,10083,10079,10059,13866,10063,10111
a320c47c521232c342792c793eceb12f|user-agent|2|1|3476|0|10063,13403,10031,10006,10052,10059,10057,10110
cf97b6858a7ff2333527e4eed4a0269|user-agent|2|65|1458|0|10083,10057,10059,10110
64e40b9fa736bd602d27eac9286442ae|user-agent|2|1|3427|0|10077,10006,13403,10057,10083,10059,10063,10031,10111
ea8679e574c3f873603e975bdf98fd89|user-agent|2|15|1458|0|10077,10063,10059,10111
15c82622db7239268aaea2f24241603a|user-agent|2|15|3358|0|13800,10006,13776,10076,10059,10024,14273,10075,10093,10063,10111
6b416bcdf480584c30969bf5401d189d|user-agent|2|27|3476|0|10006,10057,10024,10052,13403,10075,10063,13042,14273,10031,10083,10110
ceea8df2e0f070c830b44fde437ece01|user-agent|2|65|3427|0|10031,13042,10059,14273,10075,10083,10006,13800,10076,10052,10024,10079,10063,10110
ceea8df2e0f070c830b44fde437ece01|user-agent|2|65|3427|0|10031,13042,10059,14273,10075,10083,10006,13800,10076,10052,10024,10079,10063,10110
f3dfbfc372979ee8bd46368098743388|user-agent|2|80|3427|0|10024,10063,10052,10006,13042,10031,10110
3039261fc636be87fff357a0075e690|user-agent|2|106|1458|0|10059,10075,13042,10031,13776,10057,10083,10063,10006,10052,13403,10024,10111
ea1871486161d2cb77fdad9e7c73da29|user-agent|2|65|3427|0|10063,10006
1ca28c7c1356dabb5f5cee545576155e|user-agent|2|80|3427|0|13403,10006,10059,10063,10111
bb635745daa53cc403c75eb84db8d9bd|user-agent|2|79|3476|0|10006,10024,10063,10031,10075,10057,10093,10110
9bb96cbe381049dfa87aad93fa04017c|user-agent|2|106|1458|0|10075,11278,10024,13800,10076,10063,10083,10006,10111
ed4903546afb801c160f8dd8fe766d5|user-agent|2|15|3476|0|10006,10063,13042,10031,10110
b48c9fc7f30aae3c8effac3b44d14f0f|user-agent|2|3|3476|1|10063,10006,10052,10075,10059,10031,10057,10110
4ed0b391548ae5bd5f66ad4aaac074bb|user-agent|2|80|1458|0|null
4ed0b391548ae5bd5f66ad4aaac074bb|user-agent|2|80|1458|0|null
bebc659aaa5e51eab3c80dd431b1a91b|user-agent|2|15|3427|0|10052,13403,10024,10063,13042,10006,10057,14273,10031,10110
71eb4cc18835fa25c84e0913264e2a47|user-agent|2|1|1458|1|10024,13800,10057,10063,11278,13678,13866,10006,10111
506497f25400e1803a2e75207fd26c26|user-agent|2|3|3386|1|13866
9386e7ba4e1425ce887dd85d4d72b4ff|user-agent|2|65|3427|1|10063,10111
39373b9703d8092fe39ae4b0beb52536|user-agent|2|40|3358|1|10063,10111
39373b9703d8092fe39ae4b0beb52536|user-agent|2|40|3358|1|10063,10111
39373b9703d8092fe39ae4b0beb52536|user-agent|2|40|3358|1|10063,10111
39373b9703d8092fe39ae4b0beb52536|user-agent|2|40|3358|1|10063,10111
9f75376856df360610b15e54a69b3552|user-agent|2|94|3386|0|10048,10052,10031,10024,10006,10075,13403,10059,10083,10076,10063,10079,14273,10077,10110
2a34013cf24ddad5a13f750c3d12e2e2|user-agent|2|40|1458|0|null
efdfbded815b6ee8c5c3ba095f91feb6|user-agent|2|65|3476|1|10052,10075,10076,10006,10083,10063,14273,10110
45dbcda92b39b89c049df46dcb3790ac|user-agent|2|1|1458|0|null
812bf63e9666ce0ca2d562b04099c15a|user-agent|2|80|3427|0|10006,10063
79f6671329eec41441f9ab67400078f7|user-agent|2|94|3476|0|10024,10077,10063,10059,10083,13403,10057,10006,10111
b5a79d62043303f5a2830dd36ff4f178|user-agent|2|106|1458|1|10063,10111
f37c063b8f815ac0188d10eb747ec0a0|user-agent|2|55|3427|0|10006
a5aa80d84f4f6e68bdfcd50f5828bd92|user-agent|2|65|3386|5|10684,10052
a5aa80d84f4f6e68bdfcd50f5828bd92|user-agent|2|65|3386|5|10684,10052
df13e84c5547c347bb169c4c132a5a2a|user-agent|2|80|3386|5|null
c57f7aac2bc12b5fe9b833310bdd72bd|user-agent|2|40|3427|0|null
957b55495a0e391e61051533abb42133|user-agent|2|79|3358|1|10063
957b55495a0e391e61051533abb42133|user-agent|2|79|3358|1|10063
b93980cb7e0b03653c487a16a1f5d5b9|user-agent|2|1|3476|1|10063
e005c033e58ea88cef55debe7ba2758f|user-agent|2|3|3476|0|10063,10031,10006,13403,10110
9b4107bdd5d4f9b6164ce7f17adf8e22|user-agent|2|80|3476|0|10006,14273,10110
e13b8962e8eff4a6181bd507792ec4f5|user-agent|2|94|3476|0|13866,10006,10057,13874,10063,10110
10e8473e927d333bec1ad9e897ee2360|user-agent|2|55|3427|1|10006,10063
cdfb7f3ab2a1461d93b0007da5365719|user-agent|2|94|3476|0|10075,10063,10006,10059,10111
5b665eb635acee48f751cbf070de43e2|user-agent|2|80|3427|1|14273,10063,13866,10083,10684,11423,10052,11379,10111
d36c2f9cb7625238b3025821f151a4aa|user-agent|2|3|1458|0|null
5638a74c432f3510920528f419bdec87|user-agent|2|94|3386|5|13866,10063,10024,10111
65727aa1d1e0b818ae7a51c9d6fc65ce|user-agent|2|79|3386|1|null
c7a48109f30f785bc5e10426ef9f5194|user-agent|2|15|3476|1|10074,10063,13042,10006,10031,10110
c7a48109f30f785bc5e10426ef9f5194|user-agent|2|15|3476|1|10074,10063,13042,10006,10031,10110
c7a48109f30f785bc5e10426ef9f5194|user-agent|2|15|3476|1|10074,10063,13042,10006,10031,10110
37bf339d4f5f52995b13c879490ebba7|user-agent|2|1|3427|0|null
c7a48109f30f785bc5e10426ef9f5194|user-agent|2|15|3476|1|10074,10063,13042,10006,10031,10110
c7a48109f30f785bc5e10426ef9f5194|user-agent|2|15|3476|1|10074,10063,13042,10006,10031,10110
c7a48109f30f785bc5e10426ef9f5194|user-agent|2|15|3476|1|10074,10063,13042,10006,10031,10110
c7a48109f30f785bc5e10426ef9f5194|user-agent|2|15|3476|1|10074,10063,13042,10006,10031,10110
65727aa1d1e0b818ae7a51c9d6fc65ce|user-agent|2|79|3386|1|null
72ff149fe26291caaf214abb4357be2d|user-agent|2|124|3427|1|null
72ff149fe26291caaf214abb4357be2d|user-agent|2|124|3427|1|null
eef5e89f4d70b687ad309630065981e2|user-agent|2|40|3358|1|10063,10079,10076,10077,10006,10075,10052,14273,13800,10684,10110
224ced0b1a984e4feba588030514be19|user-agent|2|3|3427|0|13403,10024,10006,10110
e38f32f435e7113adde050c2754cd20f|user-agent|2|40|1458|0|null
dcc7b98b7b5a2ed4633df6a9ffe1c07e|user-agent|2|15|3427|0|13776
2e8c7f7a65598906ee414b7e1513a27e|user-agent|2|94|1458|0|11278,16661,10083,14273,10077,11379,10052,11680,10059,10063,10057,10006,10110
598c88c1050293d7a5c47ff9b657eff|user-agent|2|94|3427|1|10063,10006,10110
fc20e45034b165750da1ffaf76411cb7|user-agent|2|80|3476|0|14273,10031,10063,10077,10111
92f6ce5b1acbc9d08cc88e24af7c8a55|user-agent|2|27|3476|0|10063,10083,10031,10110
92f6ce5b1acbc9d08cc88e24af7c8a55|user-agent|2|27|3476|0|10063,10083,10031,10110
34624ab737ff3135b4ce0ec65dbe4b17|user-agent|2|3|3427|0|10006,10052
2e9251e36c74af7ff7a5cec924a1af36|user-agent|2|106|1458|0|10063,10006
a1c498429f12adbce2285516e9afff08|user-agent|2|2|3358|0|10024
5b66b565d61a39633cc23777493445dc|user-agent|2|27|3386|1|10063
23753c167468e3ca8cdf5bff30e9b5d3|user-agent|2|124|3386|1|13776,10063,10075,10006,10110
8b6c03281bf9008fd00bc5bd9b021089|user-agent|2|40|3386|1|10024
a4c5bcfd66eeac09781e2918751b668c|user-agent|2|124|3386|1|13866,10111
792d6b9f1acebf550967b2583c4a53b3|user-agent|2|40|1458|0|null
a5aee382d6c1d190db6036a7bc26bdd6|user-agent|2|94|3427|0|null
710ab7b013a7973e0e3c279b9f069a35|user-agent|2|3|1458|1|10063,11278,10024,10111
a10cac2f95a261168107de1e9ae3806|user-agent|2|80|3386|0|13866
1aee80007f86f97dcbf92870c7b3d576|user-agent|2|65|3386|0|13866
1d2638393b54967e0da752f5e429e8a0|user-agent|2|94|3476|0|13800,10083,10057,10063,14273,10077,10006,10031,13042,10024,10052,13403,10110
293a4a67567204c678a6728fe521440b|user-agent|2|106|3358|1|10063
30ee4bd60b5cfb4e91f29186e9a3bd84|user-agent|2|94|3358|5|10006,10075
a1f467c14e5ee0bb90930b21c6ad7c6c|user-agent|2|94|3358|1|10063,10684,10006,10024,10110
30ee4bd60b5cfb4e91f29186e9a3bd84|user-agent|2|94|3358|5|10006,10075
30ee4bd60b5cfb4e91f29186e9a3bd84|user-agent|2|94|3358|5|10006,10075
e9b344cc30e79194d811b81b36114f57|user-agent|2|106|1458|0|null
a1f467c14e5ee0bb90930b21c6ad7c6c|user-agent|2|94|3358|1|10063,10684,10006,10024,10110
d0362b3b4e44562a706bb6536d972526|user-agent|2|1|3476|0|10083,10063,10110
74b048413c2404d48bdae2d3af43b59|user-agent|2|94|3386|0|10031,10006,10110
7977d7b228bfc58ad05a545394945b1d|user-agent|2|79|3427|1|10063,13403,11278,10684,13776,11379,16661,13866,10111
d490c6957ee9d7e3b22621c8038338dd|user-agent|2|94|3427|1|10063,10024,10006
d2d18ddf0ed112d29d5e52b76b1873c|user-agent|2|1|3427|0|10006,13403,10110
15e802b2b1e065dcf9d72c88dcf38261|user-agent|2|40|3427|5|13866,10052,14273,11423,10083,10063,10684,10111
ac6a8e15755cc37fa2399976d0fe7067|user-agent|2|94|3358|1|10024,10006,10110
5fe3263d471eb081ba3fb9ff46f218fd|user-agent|2|3|3358|0|null
7ea6c8852bcbfb588ca97d48de92d965|user-agent|2|80|3358|0|10006
acb1f93143aa5e0b6a0ed28cbb8db236|user-agent|2|55|3358|0|10076,10063,10111
b8bf90838df4c152fbdb8ef08226913b|user-agent|2|94|3476|1|10083,10079,10006,10059,10076,10063,10075,10093,10110
2221eff8a35e37e78ca0bed96cfa1dc|user-agent|2|80|1458|0|10024,14273,10059,10006,10083,10075,10063,10057,10093,10052,10079,10076,10111
33074edd6d594739aa02101ef5748118|user-agent|2|80|3476|0|13042,10059,10057,13776,10031,10006,14273,13403,10024,10063,10110
fe8a088674cfbe84e02411bd8b1ce99f|user-agent|2|27|3427|0|10024,10111
51ab5ed903c0a6be33486167cb9d3bdb|user-agent|2|2|3476|0|10052,10075,10031,10083,13403,10006,10110
e3cde88a1b381a394d0a7f6e6793e529|user-agent|2|94|3386|1|13866
430777baa01e1d5de697cc840172f714|user-agent|2|80|3386|1|null
78f3cf2e5c9164342fb9e6b32f839d8a|user-agent|2|80|3386|5|16661,13042,10110
f2c09d2cde6718bdda0d173676efc688|user-agent|2|80|3386|1|null
c3c4ca55fbcaaeb02cd7befcf4fc2d4d|user-agent|2|94|3386|1|null
8dabfb92edcadebe729b027397155285|user-agent|2|94|3386|1|10006,10110
365c4758d2e979b18d6845924b9a366d|user-agent|2|94|1458|1|10075,10006,10031,10063,13042,10048,10110
3440bbb16fa9e3036872b490de005eb2|user-agent|2|55|3476|0|13866,10006,10063,10111
f13655e26ce04b52c2dc7183ce90ffe0|user-agent|2|3|3386|1|10063
8bb83d30d5c7dd0dc64667050f5fd3e9|user-agent|2|80|3476|0|10006,10024,10052,10063,13403,10075,10057,10110
f42d4dca000500a3788dc729c01fdf3c|user-agent|2|124|3358|1|null
8395cc639afff6e1ad92a5cb8952dd4c|user-agent|2|94|3476|0|10006,10052,13866,10063,10079,10057,10024,10048,10031,13776,10059,13042,10110
95797eef03a0d64e3dceb7ca697899d6|user-agent|2|80|1458|1|null
618bbc764b7d3bc274e3a17501818d6e|user-agent|2|80|3476|1|13866,10075,10059,10006,14273,10063,10111
6fb9b1f7b35b7a3fc404ae53c0c57583|user-agent|2|55|3427|0|
7183dcfc0e17653ed999a6932c3fa061|user-agent|2|55|1458|1|10063,10057,10075,10006,10052,13403,10111
fe8ee6bc265e8a65dad981c0b265e4e9|user-agent|2|27|3476|0|10006,10075,10024,13403,10059,10093,13800,10063,10083,13866,10110
17b73e5e272fba3c0716779b90026ab0|user-agent|2|3|3427|0|null
7183dcfc0e17653ed999a6932c3fa061|user-agent|2|55|1458|1|10063,10057,10075,10006,10052,13403,10111
cdfa206b38023611de0574ed2cff7b5e|user-agent|2|94|3476|0|10006,10059,10063,10077,10031,10024,10057,14273,10110
ad8fa96566f6ae87cc25e9da1a3bf1cf|user-agent|2|15|1458|1|10031,10077,10024,10063,10006,10110
1216da573e6bc03ecdd27bebb70e34c3|user-agent|2|40|3386|0|null
b73178194985d571bac54f84840eea14|user-agent|2|0|1458|0|null
b5c5fd125bf04e82967c8cb1bedad984|user-agent|2|40|1458|0|10063,13776,11278,10111
63d7955bbb221d0937157027e35b2232|user-agent|2|15|3386|0|10006,10110
39840fa84a449ed63983f6a16c834b44|user-agent|2|124|1458|1|10063,10006,13866,10075,10111
39840fa84a449ed63983f6a16c834b44|user-agent|2|124|1458|1|10063,10006,13866,10075,10111
ad228a9394949691e891b136dc3b395|user-agent|2|106|1458|0|11278,13776,10093,10076,10075,10111
a15a0ec78f3cb4e6c40633dc98efd597|user-agent|2|2|3476|0|10063,10075,13042,10083,10031,10006,10057,13403,10110
63da4c60f4ed01b96b20739979a2c263|user-agent|2|27|1458|0|13866,11278,10111
a140708a491dc1168eade63eed289c3|user-agent|2|94|3386|0|10006,10048,10024,10093,10059,10063,10031,10083,10075,10076,13403,10111
aa4cd8e29f0e800a39139147461ca359|user-agent|2|40|3427|0|10057,10006,10031,10052,10063,13403,10083,10110
e42dd4d6e77cbe8ceb454573da38a9eb|user-agent|2|0|3427|1|10076,10063
1cfc242b1a966f57865d831234744620|user-agent|2|94|3476|1|10006,10110
f1da4c87c92233acd72463250981c7b4|user-agent|2|2|3427|1|null
78076fffeb5f4bd80daa4b68e701118|user-agent|2|2|3427|0|10006,10077,10059,10063,10075,10111
8f791048846631448669476a877d9548|user-agent|2|15|3358|5|null
5a6a7a6c6c6fe98e76ab01e6e186e9c|user-agent|2|55|3427|0|10063,10077,10111
7131fabcb19833f1a0d934ab0b06d240|user-agent|2|79|1458|0|10075,10006,10076,13403,10083,10110
2715e320561a72776d0bf83f391decbf|user-agent|2|3|3427|0|13866,10111
eb5311372e3187f0186e3775ec117462|user-agent|2|94|1458|0|13042,10057,10006,10074,13800,10079,10048,10031,10093,13496,10075,10059,10024,10063,10076,10110
13a43232521e0027c3f08b734f5d1656|user-agent|2|79|3427|0|10063
4b5b89898facf2542b88bbbc85be6d37|user-agent|2|40|1458|0|10006,10063,10059,10111
477de7bda0b41d0cc746f56b1e863910|user-agent|2|80|3476|0|
822462ab76b4504daa2eca8650503498|user-agent|2|79|3386|0|null
719b760baa6dc71c92a3ba8619e61076|user-agent|2|3|1458|1|10006,10063,13866,10111
61517b7afb15d7c34ebd424541a9b254|user-agent|2|15|3476|1|10031,10063,10110
91fbe617ebccea4be7a69146d73e9ef4|user-agent|2|40|3386|1|10052,13866,10684,11379,14273,10111
f6749f222002f533432259208f926d85|user-agent|2|80|3358|0|10083,10063,10031,10006,10024,10110
9a50ca99b3686fab792ca1b6a75e4f66|user-agent|2|3|1458|1|13042,13866,10063,10111
14b079118d0dc4c3becc646abb7941e6|user-agent|2|80|3358|0|10006
fda6be4c3cbdcebe9d31cc493b1dfaa9|user-agent|2|65|3476|0|10083,10052,10093,13042,10006,10057,13403,10031,10063,10110
ee653ef88c0de3f9b8ce1237658cf55d|user-agent|2|1|3358|1|10063,10110
41abaf5c79c7ebb09ea02d9cc8a7f31b|user-agent|2|79|3358|1|null
ee653ef88c0de3f9b8ce1237658cf55d|user-agent|2|1|3358|1|null
ad95a44798452004a56456d95ce8b39e|user-agent|2|80|1458|0|10063,13866,10110
89a03b9dce6f425c3ca5346610684194|user-agent|2|1|3427|5|10031,10063,10006,13866,10052,13403,10111
985c9977e2325e9f601785e782a58bdc|user-agent|2|79|1458|0|10075,10083,10063,10006,10031,10059,10067,10057,10111
163d26be28c09b226ae308976ebc05bb|user-agent|2|80|1458|0|10063
a4db669a7dc7a7e491763fe755790ff0|user-agent|2|55|1458|0|13866,10083,10063,10031,10006,10111
ba857b0a08f43d9b1e019324794208f7|user-agent|2|3|1458|0|10006,10110
79d28ae170fdebada9611f0033a5bb41|user-agent|2|80|1458|0|10006,13403
6ce67455faa7f6e1dbe78d71294b7070|user-agent|2|55|3476|1|10063,10006,13042,10110
e6ea91fedee22a8316123c00e7207c17|user-agent|2|55|1458|0|13800,11278,10111
13d5ce9c6a508f004da078b2180b0c96|user-agent|2|80|3386|0|null
4f429df9d34cddc20ddb124e5c906615|user-agent|2|80|3427|0|null
735564381ee950dbbc784710b3a6ecae|user-agent|2|55|3427|0|10093,10006,10063
69b357eda624f83e7a23e022be8c941b|user-agent|2|2|3427|0|10079,10111
2180b0bab44ca1beacf887b3fbdf8712|user-agent|2|94|3476|0|10024,10031,13776,10006,10057,10063,10052,13403,13800,10110
14795480d0b6d17cf18c4a084b42e7fb|user-agent|2|40|1458|0|13866,10006,10059,10057,10031,13403,10063,10111
72b2e46c2d495c95c6cf4d0f10a57f21|user-agent|2|80|3386|1|10063
2c791b3728dccae22e210dcf102cbf40|user-agent|2|94|3386|1|14273
8642ee903057e62de0eb2269056c05a2|user-agent|2|55|3386|1|10684,10052,10006,13042,10031,10111
ba857b0a08f43d9b1e019324794208f7|user-agent|2|3|1458|0|10006,10110
14e4d5a66f75af91e8218ac1c7ecf30b|user-agent|2|124|3386|0|13403,10006,10075,10063,14273,10052,10024,10076,13800,10110
ae94f78bb7b45391947810b8a3c8ebd3|user-agent|2|1|3386|0|10076,10075,10006,10083,13403,10059,10057,14273,10063,13800,10077,10111
eecb0287354c5b9873863468dd33e1ba|user-agent|2|55|1458|0|10063,13042,10083,10031,13403,10006,10110
17f45ea0d1bc9d2a35dd0342d1cb5742|user-agent|2|80|3386|0|10075,10059,10006,10063
d2eb48efdc49dc482bcac92d496aa72e|user-agent|2|1|3476|0|10083,10031,10110
238204318e0a6f273cdc6215aaf260ad|user-agent|2|106|3476|0|10057,10063,10074,10006,10110
9ca98eaa6fefa71da05f4e93c1e9b43f|user-agent|2|80|3427|5|13866,11423,10063,13776,10111
6ea8c7681cf60083b4d281886328fd3f|user-agent|2|80|3427|0|10063
bd34bacc96a6e17cf12c4ba57d24c0bc|user-agent|2|3|3427|0|null
ac7087f706e73fd40e94f512636a09a8|user-agent|2|1|3427|1|null
ac7087f706e73fd40e94f512636a09a8|user-agent|2|1|3427|1|null
f2080f0e89ace6610c053d64303ef341|user-agent|2|40|3427|1|10006,13776,10110
f2080f0e89ace6610c053d64303ef341|user-agent|2|40|3427|1|10006,13776,10110
c02f69652446a28c70c3353bbe96f0ac|user-agent|2|2|1458|0|10059,10006,10063,10111
43f22d31a0d484951ea83db3806115e1|user-agent|2|55|3386|0|10006,10059,14273,10052,10083,10063,13403,10024,10075,10110
493dcac24a69eab3242bef155e7018b0|user-agent|2|80|3386|0|10063
741955017b10687e06c703fd8c4c343b|user-agent|2|3|3476|0|10684,10079,10083,10052,13042,10006,10031,13403,11944,14273,10059,10074,10063,10048,10075,10110
16665fa66f3880a1dd511ed04bce00a9|user-agent|2|3|3427|0|10063,13776
56b0cbac6985bd3392cfe29cb338dd5a|user-agent|2|1|3386|0|10031,10052,10006,10110
b5573d2c91427f755f1234f1cdbee9df|user-agent|2|124|3386|0|null
8707887c2d85598baece2fa752930184|user-agent|2|0|3427|0|10075,10063,10006
bef4bf17c8283c4abd1a134525328fcc|user-agent|2|3|1458|0|10063
aaa5ac009200e0e0ca1bf180245a71a6|user-agent|2|79|3386|5|13776
bef4bf17c8283c4abd1a134525328fcc|user-agent|2|3|1458|0|10063
aaa5ac009200e0e0ca1bf180245a71a6|user-agent|2|79|3386|5|13776
816bf2fafc3b4b1ae63b2f813335432e|user-agent|2|106|3427|0|null
43f2e1c28cc8422e02c328002f4de545|user-agent|2|2|3386|0|10006
3ac2e4acec77a3565269900bcd07daa9|user-agent|2|3|3386|0|10063,13866,10083,10006,10110
ea789353dec950c3d5edd652357075b1|user-agent|2|1|3427|0|null
ea789353dec950c3d5edd652357075b1|user-agent|2|1|3427|0|null
aa1a7fc8c40b062ce5df1ed502816cb4|user-agent|2|124|3427|0|13800,10006,10063,10110
ea789353dec950c3d5edd652357075b1|user-agent|2|1|3427|0|null
4c242191172fd9da580dca8c383eba4|user-agent|2|3|3427|1|10006,13042,13403,10093,10031,13866,10057,10048,10059,10063,10110
640f543d60636c53673d0ea490683055|user-agent|2|79|3427|1|null
41002b273e560f7f21bc99b448b92836|user-agent|2|1|3427|1|null
dea969250c1490c2171eafbbb4de9570|user-agent|2|3|3386|0|10024
2a0ddc5953fb3422a3001b1890794419|user-agent|2|15|3427|1|null
3edf9776a1d8218e62af51abe0d8391d|user-agent|2|94|3427|5|null
1acd5cf532d13073e684fe670786c84b|user-agent|2|94|3427|5|10052,11423
6bb1dab3813ca1c52f29fa69f62c6ff|user-agent|2|106|3476|0|10077,10083,10031,10059,14273,10067,10057,13403,10024,10075,10063,10006,10110
f1fb14aad85240e4a19e61cc6db4b6a3|user-agent|2|40|1458|0|11278,10063,10083,10110
c0d15b9ed7d9ec5cfb32e04a1407d4ef|user-agent|2|1|1458|1|10063,13866,16661,13403,10684,13776,10111
c0d15b9ed7d9ec5cfb32e04a1407d4ef|user-agent|2|1|1458|1|10063,13866,16661,13403,10684,13776,10111
6c78182fe2f6bbee186a1f62c6099eed|user-agent|2|3|3386|1|13866,10111
8465fd463225dfef144405ee17aa7cc3|user-agent|2|94|3386|1|10075,10006,10110
ecce3293753e16ab0e15989cc6623913|user-agent|2|15|1458|0|10083,10063,10110
ecce3293753e16ab0e15989cc6623913|user-agent|2|15|1458|0|10083,10063,10110
d39eb01431505c18ba0f47d26cf5a8eb|user-agent|2|3|1458|1|10063,10075,13866,10006,10111
d39eb01431505c18ba0f47d26cf5a8eb|user-agent|2|3|1458|1|10063,10075,13866,10006,10111
2ff25f9946682f8757c0fdbb55a8bd6|user-agent|2|124|1458|0|10006
ef36bfe386245ad65c748186181ad05a|user-agent|2|15|1458|0|13776
b13253dc5b96cfa44c72076c0958e95|user-agent|2|1|1458|0|10063,10083,11724,10067,10110
e74118ec2e97fb381058319cad884db6|user-agent|2|124|3476|1|10063,10006,10024,13866,10110
abdce5108914c946c63b37930b1100b8|user-agent|2|106|1458|0|10006,10031,13403,13042,10063,10052,10077,10111
c10e63cfde92bfc95d5a695872697cbe|user-agent|2|106|1458|0|10063
1cd61bbe07b42b2a492fda601a7ddf5e|user-agent|2|80|3476|0|10052,13800,10006,10024,13403,14273,10063,10110
166cb15375c40c68f134421e4b9d38d3|user-agent|2|55|3427|1|10063
db44f90bd3401fc0e14fd44298629ca7|user-agent|2|124|3427|1|null
f3aa34a663d7dafcb85d8ecd7d155e16|user-agent|2|80|1458|0|10059,10052,10110
aef40b0d66c07a37fbf16622029d8eca|user-agent|2|65|1458|0|null
f9e7da48255a434e218cb6359b87e486|user-agent|2|27|3386|1|10063,10024,13776,10006,10110
8652ee89a0f307ffb86e21a528d01da1|user-agent|2|94|3386|5|null
3a65771a26d5dc98b6462dd36bb3506d|user-agent|2|94|3427|5|10052
3a65771a26d5dc98b6462dd36bb3506d|user-agent|2|94|3427|5|10052
6c0dd9108ef433ed6cdb66fa4c1baa28|user-agent|2|80|3427|0|10063
2540818d13bcdaa1b2473d4bfe0e5eb4|user-agent|2|0|1458|1|10063,10076,10075,10111
5430bd696adc3548c01523946d628b40|user-agent|2|94|1458|1|10006,10110
d68bb9d51bbbefea709b1c7cdb8e9457|user-agent|2|3|1458|1|10006,13866,10111
9aad083d97e1e0e3e5465591f73a6c80|user-agent|2|124|3476|0|13800,10059,10006,10063,10110
b22cd84ea39053a433fa5e7f63a978e9|user-agent|2|1|3427|0|10024,14273,13403,10006,10063
594b6946ace5b2f45c54c2e2b58be5dd|user-agent|2|94|3427|5|null
8149019b6bb9a0239c2b491d4b329771|user-agent|2|0|3386|5|13042,10052,10684,10110
f0ea815f49ec9b740823de8836b8116|user-agent|2|94|3427|0|10006
ab92998dd290535a5f33d0af35ffd7a3|user-agent|2|80|1458|0|null
10fb8ba3b1776777b020d67d643f6eb1|user-agent|2|106|1458|1|null
faa13ebb4c7a4eb10218042d389933a3|user-agent|2|80|3386|0|10052,13403,10063,10006,10110
7c00deb4d9bc0c188e3e312407d27b15|user-agent|2|15|1458|0|11278,10057,10063,10111
a07ab9c28d0a296de7146ae94592fae1|user-agent|2|1|1458|0|10057,10063,10006,13403,13800,10031,10110
2ce3cb6a184445ad73722df89f2ccb7a|user-agent|2|106|1458|0|10076,10079,13403,14273,10059,10057,10024,10063,10093,10048,10075,10006,13496,10083,10052,10110
321812dbcf2ee18816e15426c9859812|user-agent|2|3|3386|0|10024,10006,10075,13403,10083,10110
13b00e2b230b427025f4c7dad7be272e|user-agent|2|106|3427|0|10006,10024,13776,10074,10111
4c0f8bb555600632b2a0f7780030a8a0|user-agent|2|1|3386|1|10074,10063,10006,13042,16593,10031,13403,10052,10076,14273,10075,10110
b743eaa94bb019a9e126b0910845f024|user-agent|2|94|1458|1|null
